mafalda_id,text,labels_level1,labels_level2
0,"TITLE: Endless Ledge Skip Campaign for Alts POST: Reading everyone's comments has made me change my opinion on having an adventure mode like thing in PoE. I keep seeing if an adventure mode needs to exist then why not just start a char at 68. then a couple months after that we'll see post about how people want to start at 90 just so they can kill bosses. Then a few months later we'll see people asking for a""creative"" mode so they can have access to all items in the game so they don't have to farm, and i dont think that sets a good example as a community for a game that we all love.",logic,slippery slope
3,TITLE: Discussion Thread (Part 3): 2020 Presidential Race Democratic Debates - Post Debate | Night 2 POST: Joe Biden will lose to Trump if he is the nominee. The Democratic party clearly has not learned the right lesson from Hillary Clinton's miserable failure. NOBODY WANTS ESTABLISHMENT POLITICIANS ANYMORE. NOBODY LIKES THE STATUS QUO. Like Jesus Christ you think they would learn. POST: The status quo in America is that its the best its ever been. We live in one of the best societies in the best times that humans have ever experienced.,credibility;logic,ad populum;causal oversimplification;circular reasoning;guilt by association
5,"Let us move now to the future. It is not enough to stand on this record because we are dealing with the most ruthless, fanatical... leaders that the world has ever seen. That is why I say that in this period of the sixties, America must move forward in every area.",emotion;logic,appeal to fear;causal oversimplification
6,Delores is a big supporter for equal pay for equal work. This is the same policy that all those extreme feminist groups support. Extremists like Delores should not be taken seriously -- at least politically.,credibility,ad hominem;guilt by association
9,"The last Democrat winner of the New Hampshire primary won the general election. This year, the winner of the New Hampshire primary will win the general election.",logic,causal oversimplification;false causality
11,TITLE: Sign petition for Persona 5 pc and switch ports POST: So much important stuff in the world that needs political activism. Makes a petition to portbeg P5 onto PC and Switch.,emotion,appeal to ridicule;appeal to worse problems
14,"Iran has moved forward with its nuclear weapons program. They're more dangerous today than they were four years ago. North Korea has moved forward with their nuclear weapons program, gone from one to two nuclear weapons to six to eight nuclear weapons. This vice president has been an advocate for over a decade for lifting sanctions against Iran, the largest state sponsor of terrorism on the planet. It's a mistake.",credibility;emotion;logic,appeal to fear;false analogy;guilt by association
18,"TITLE: Can I get into finance with a Law degree? POST: I have a JD, an MBA, and an MSF so I am pretty well versed in the skill sets. What about a JD would make you think you could do finance? It is a pretty in depth math program. There are some advanced math skills needed that are covered nowhere in undergrad or a JD unless you were also a finance major for BS. This is law school arrogance at its finest. Why not a brain surgeon?",credibility;emotion,ad hominem;appeal to ridicule
19,"The sea-ice loss is President Vladimir Putin' s gain. Already the largest country on the planet, Russia stands to gain access to shipping routes and energy reserves, and a strategic military advantage from the opening of the Arctic. Along the Russian coastline, which makes up more than half the Arctic total, winds and currents push old ice away from potential shipping lanes and prevent the build-up of thicker, multi-year ice that would leave other parts of the Arctic impassable for longer periods.",,
20,"My first day of basketball practice was easy, so it will always be easy.",logic,false causality
27,TITLE: Transgender brain scans promised as study shows structural differences in people with gender dysphoria POST: So now the far left is going to have to admit that there is a difference between the brains of men and women and their behavior isn't just a social construct that is created by what toys they are raised with? Looks like the exception is charging to the rescue of the norm. Plot twist!,logic,hasty generalization;straw man
38,Fortnite is the best game ever. Everyone is playing it!,credibility,ad populum
39,"Every sunrise, the rooster makes a sound. So it is the rooster which makes the sun rise.",logic,false causality
49,"TITLE: Thirty years after Tiananmen, protesters' goals further away than ever:""Now, democracy is not only facing problems in China. Democracy cannot survive if China is the global power."" POST: Well, democracy gave us Trump to the whole world. I'll let others judge what democracy is. POST: Lets see what other system gave us. Communism gave us the Kim dynasty that destroyed their own country. Fascism gave us Franco that kept his country decades in the past in every manner. Monarchism gave us Leopold II of Belgium who committed genocides in Africa Theocracy gave us Pope John XII who fucked half of rome So as we can easily gather, every for of government had its share of shitty figureheads. That doesnt prove anything. At least in democracy we have the chance to switch them, you know what they do in other forms of government? Wait. North korea is still waiting on the Kim dynasty to die off, Spain had to wait until Franco dies to start modernizing, the people of Congo had to wait until Leo II died so they can stop getting killed, and the catholic world had to wait until John XII to normalize again.",credibility;logic,causal oversimplification;guilt by association;hasty generalization
52,The United States is the wealthiest nation in the world. So every American is wealthy.,logic,fallacy of division
61,We know God exists because he made everything,logic,circular reasoning
65,"TITLE: Pete Davidson accounted for after disturbing post;'SNL' cast member deletes Instagram. POST: Social media is the worst. People don't realize how much of an effect it has on someone, especially his generation. Anyone in the public eye who has any sort of mental health issue should rid themselves of their accounts if they possibly can. I understand studios force some actors to be active there, but if it's the difference between leading a happy, healthy life or getting a movie role, it really should be an easy decision. POST: Really, the worst? China has people in internment camps and people in the middle east get stoned for not wearing head scarves, but it's social media that's the worst? I think that's a massive exaggeration. Edit: I feel like I need to clarify that I'm not trying to deny what Pete is going through. I am however annoyed by a reference to a social media being""the worst"". I'd even argue that saying that undermines the worse problems that he likely has going on here.",emotion;logic,appeal to worse problems;false dilemma;hasty generalization
70,This movie was #1 at the box office last weekend! That means it must be really good!,credibility,ad populum
74,"TITLE: Islamophobia has become normal. Our challenge now is dismantling it without doing more damage POST: There must be a firm basis to people hating Islam. There are many of us and we can't all be wrong. Am i afraid of Islam and what it can do to this country? You are damn right i am and with good reason. With my own two eyes i have seen how it destroys countries, Islamic countries none the less. People that support this religion blowing each other up. You are doing a dis-service to your country being""politically correct"" in regard to Islam and your children will suffer because of it.",credibility;emotion;logic,ad populum;appeal to fear;false causality;hasty generalization
79,A few students are misbehaving...therefore the whole class is bad.,logic,hasty generalization
89,"And he cut defense an extra $60 billion, threw a lot of people out of work. He talks about a smaller government. There are actually more people in government except for people in defense related jobs. They're gone. The government's bigger than it was when President Kennedy was around, even though he says it's not. In addition, Republican Congress cut $53 billion.",,
92,"Murder is morally wrong. Therefore, abortion is morally wrong.",logic,false analogy
99,"""I bought a ticket to win a new car at the mall, since I have never won anything like that in the past.""",logic,false causality
100,"TITLE: Old quote, but a good one POST: What are the reasons for viewing regulated hunting in the same light as factory farming? I went veg because factory farming is horribly unnatural, but I can't really come up with an argument against hunting based on what made me go veg... POST: I'm vegan, I'll never part take in this activity, but I don't feel like hunting for fun should be considered a mental illness. Our ancestors used to depend on it to survive, so I can see how it might be in someone's genome to want to hunt. Hunting is almost entirely aligned with the natural cycle of life, factory farming in horrible conditions isn't. Downvotes incoming",credibility,appeal to nature;appeal to tradition
107,"TITLE: Weekly General Discussion - March 10, 2019 POST: alex jones is cuckoo bananas and joe organ just lets him ride on like a monkey on a pig with a cowboy hat. he thinks he's just hanging out with a buddy but what he fails to realize is that he has a huge platform with a fan base of highly impressionable young men who feel wronged by society and entitled to scream like a monkey on the back of a pig with a cowboy hat POST: Free speech bad",emotion;logic,appeal to ridicule;hasty generalization
109,"TITLE: Is it ideal to live without recreational drugs? POST: Ideal, perhaps for some. However it is highly unrealistic. Mankind has been using""recreational drugs"" since we developed agriculture, and probably before too.",credibility,appeal to tradition
115,"TITLE: What""healthy"" food is actually way more unhealthy than most people think? POST: Incoming comments of things that are nutritious but people don't consider healthy because they're high in calories AND other random shit they read on a blog who's ultimate goal is to convince them to spend money on something at some point. Olive oil is healthy even though it has calories and fruit is healthy even though it has carbs. Dairy and red meat are fine - people have been consuming them for centuries and they did shit like building pyramids using just their hands. You don't need to live off of bland chicken breasts, broccoli, and scrambled eggs to be healthy. Also people need to learn the difference between added sugar and natural sugar. The sugar in fruit is not the same sugar in candy bars. I think one of the biggest reasons for the obesity epidemic in America is the over-complication of nutrition. A new food is""unhealthy"" every week.",credibility;emotion;logic,appeal to ridicule;appeal to tradition;causal oversimplification;straw man
119,"TITLE: Should I [23F] urge my husband [26M] to stop watching porn? POST: Yes. Porn has gained the support of popular culture, but it is unhealthy. It has been shown to make men more sexually aggressive, dissatisfied with their own sex lives, and contributes to the global sex trade. Viewing porn also causes prolonged dopamine exposure, which the brain will build resistance against - making it more difficult to feel joy from other daily activities. Porn is also highly addictive, and has diminishing returns over time, so a user will have to watch more porn, or more extreme porn, to get the same amount of dopamine. Check [fightthenewdrug.org](<URL>) for studies on the harmful effects of pornography. POST: Yeah, I always go to religious organizations to supply me with clear and objective scientific studies...",emotion,appeal to ridicule
121,"TITLE: There is no good reason to take stories/accounts of miracles seriously POST: > There is no good reason to take stories/accounts of miracles seriously I propose that for a modern account of a miracle, if the person telling you the account is trustworthy, that is a reason to take the account seriously.",credibility;logic,appeal to (false) authority;causal oversimplification;circular reasoning
123,"Clearly, uh it was maybe the right thing to do, but we did not go in with enough information. We caused problems in the first place by denying Caribbean countries and third-world countries a chance to trade freely in the United States. It causes economic problems and turmoil, and then we turn around, as we did in Mexico, having to bail them out. We caused the problem in the first place, and it cost us 20 to 50 billion to bail them out.",logic,causal oversimplification;false analogy
130,"Slavery is accepted by just about everyone in our society, so it's ethical to keep slaves.",credibility,ad populum
134,"TITLE: G751JM. What the hell now? Please help. Is the laptop dead? Thank you, have a nice day POST: Enter Bios and see if your hdd is detected. If it is, might be an issue with boot order. Else try this: <URL> POST: Thanks, but what should I enter? Could you tell me step by step because I have no idea what you just said. Thanks for the help though",,
140,"TITLE: Armed Citizen Shoots, Kills Active Shooter At Tulsa Shopping Center. POST: So a woman got in an altercation, got mad and grabbed a gun and starting shooting, and was then shot by someone else. POST: The whole situation wouldn't have happened if she didnt have easy access to a gun",,
145,"TITLE: Teaching my 6 year old sister how to play dbd is amazing and incredibly frustrating as well POST: 6 is a bit too young, especially a game about killing people POST: Hey tell her that she sees me play this daily and she wanted me to teach her how",,
152,TITLE: Jason? Welcome to Tarrey Town! POST: How would you ever forget someone who is allowed in Tarrey Town POST: Exactly! JaSON moves to Tarrey Town and sells um... cargo shorts.,,
156,"TITLE: Slayer's Dave Lombardo Shares Opinion on Metallica's Lars Ulrich POST: I'm not a musician so bear with me here. Why the constant debate about Lars' skills? If a successful band in any genre was based only on the very best technical players there would only be a handful of bands out there to listen to right? POST: It is fair to say that Lars, in the grand scheme of heavy metal drummers, ranks lower when it comes to technical skills, especially compared to the likes of Lombardo or Menza, and his drumming has only gotten lazier and sloppier with time. However, the drumming on the first four albums, especially AFJA, was pretty solid. The fact is, Lars is responsible for some of the most memorable drum parts in metal (like the machine gun double bass part in One) and he is absolutely indispensable to the songwriting process with James. Lars, Kirk and even Cliff have all been criticized for their technical skills, but their creativity, along with James (who is an excellent songwriter and rhythm guitarist), was what made Metallica the greatest metal band of all time, not their chops.",logic,causal oversimplification
159,"TITLE: Scandinavians of reddit: a lot of the internet thinks you live in a perfect fantasy utopia. What are some issues affecting your countries that the world should know about? POST: I've lived in Denmark for two years. People are pretty difficult to get close to there (quite introverted) so you can easily end up being lonely. The political correctness can be annoying too if you happen to have different political views than most Scandinavians. POST: Spot on with the political correctness. I have a couple of quite liberal viewpoints (weed and prostitution should be legal etc), and if my family found out they'd probably all think I was the devil in disguise. Having an opinion that goes against the grain here is not appreciated in the least. You say we have issues with our immigration policies? You're a racist. You say weed should be legal? You're trying to kill our children with drugs. You don't want to go to university just so you can use your diploma to become a cashier? You're a lazy bum who will never succeed at anything",,
164,"TITLE: Was happy to receive my first ThinkPad which is a T450. eBay posting was wrong and listed it as a 1920x1080 display and I knew right away it wasn't. POST: So if it was advertised with the 1080p screen, but doesn't have that, you could get a refund and return it - ""not as described"" - or, contact the vendor and negotiate a rebate. POST: Im hoping I can negotiate a rebate because Id prefer to keep the machine and upgrade the screen myself",,
170,"TITLE: High-calorie sandwiches? POST: Peanut... butter...??? Also you could drizzle olive oil on bread and toast it to increase calorie intake. Use brioche bread (super high calorie and unhealthy) POST: I dont like peanut butter unfortunately, I like your olive oil idea though. Thanks!",,
176,"TITLE: NFL Player wants NFL to consider permitting marijuana use for pain management POST: question, both medical marijuana and adderall are both banned NFL substances. Adderall is allowed with a prescription, so why wouldn't medical marijuana be allowed with a prescription if a player is in a state where medical marijuana is legal? edit. /u/btbrian makes a great point. ""For one thing, it would inherently give players in states where it is legal an edge if it does have performance related (pain management) effects like they claim"" POST: NFL is a national organization and most likely follow federal laws. Lots of companies in green states don't allow marijuana use because of that or because they can still just make it their policy",,
182,"TITLE: I looked it up the tweet does not lie the traitor did indeed take a fat one POST: let's not use homophobia as an insult, okay? POST: Dude its a porn parody about a homophobe",,
189,"TITLE: Debate on the authenticity of the Qur'an POST: Yes, there has been a response. Here's a point by point refutation of each claim made, along with full citations listing and quotes: <URL> I'm the author of the paper, so I'd be willing to answer any questions you have. POST: Did you send this to either of the speakers? Just curious as if you took the time to actually debate each of his points, it'll be interesting to hear both of the speakers thoughts on it.",,
195,"TITLE: 'One job should be enough': Marriott hotel workers' strike hits eight US cities POST: I shouldn't be a race to the bottom, thankless jobs like EMTs should get paid far more than they do now, nobody is saying that minimum wage workers should get paid more than them. To those who argue *well x job pays y amount* do you think that maybe they should get a significant wage hike to so they don't live in poverty either? POST: > To those who argue well x job pays y amount do you think that maybe they should get a significant wage hike to so they dont live in poverty either? For real, I don't understand why this is so hard for people. But every time I bring this point up, GOP_Fanboy just reverts to ""lol who are you to decide who gets paid what communist etc""",emotion;logic,appeal to ridicule;hasty generalization
197,TITLE: New Zealand announces official Travel Warning to New Zealanders in the United States due to the upcoming election and civil unrest POST: This sounds like the sort of thing you hear about Middle East countries not the formerly most powerful nation in the world. POST: Dictatorships have occurred all throughout history and all corners of the globe. It takes a severe amount of head in the sand to think it can't happen to you.,,
